CarrierName,FlightCount,DelayStdDev
United Airlines,968,44.66575091578164
American Airlines,957,42.59804487791594
Southwest Airlines,1018,44.13916878247878
Qantas,984,43.276569528979465
Delta Airlines,986,44.154834928876134
Lufthansa,986,43.104359410474885
Emirates,1021,43.56764992767534
British Airways,1059,42.76365685988024
Singapore Airlines,997,43.34014158599843
Air France,1024,44.202443884160466
